,index,bare,built,crops,flooded_vegetation,grass,shrub_and_scrub,snow_and_ice,trees,water,id
2,0,0.0,0.0,0.0,0.0,0.0,0.0,0.0,0.0,0.0,0
0,1,0.043878793716430664,0.034813765436410904,0.034631792455911636,0.037011146545410156,0.044173345901072025,0.06978864991106093,0.034320140490308404,0.7526759172324091,0.04392994940280914,0
3,2,0.0,0.0,0.0,0.0,0.0,0.0,0.0,0.0,0.0,0
1,3,0.1942875722888857,0.16360405460000038,0.1332401493564248,0.0639579901471734,0.15198052884079516,0.15986087010242045,0.4223333904519677,0.7656784066930413,0.10049952566623688,0
4,4,0.0,0.0,0.0,0.0,0.0,0.0,0.0,0.0,0.0,0
5,5,0.0,0.0,0.0,0.0,0.0,0.0,0.0,0.0,0.0,0
6,6,0.0,0.0,0.0,0.0,0.0,0.0,0.0,0.0,0.0,0
7,7,0.0,0.0,0.0,0.0,0.0,0.0,0.0,0.0,0.0,0
8,8,0.0,0.0,0.0,0.0,0.0,0.0,0.0,0.0,0.0,0
9,9,0.0,0.0,0.0,0.0,0.0,0.0,0.0,0.0,0.0,0
10,10,0.0,0.0,0.0,0.0,0.0,0.0,0.0,0.0,0.0,0
11,11,0.0,0.0,0.0,0.0,0.0,0.0,0.0,0.0,0.0,0
2,0,0.0,0.0,0.0,0.0,0.0,0.0,0.0,0.0,0.0,1
0,1,0.04297573957592249,0.034631792455911636,0.03256236109882593,0.037328862585127354,0.040562264854088426,0.05025762692093849,0.03456934937275946,0.7442010790109634,0.040820818627253175,1
3,2,0.0,0.0,0.0,0.0,0.0,0.0,0.0,0.0,0.0,1
1,3,0.045602215686813,0.034331448609009385,0.03863129788078368,0.04645992908626795,0.041657447814941406,0.05136514292098582,0.03988289833068848,0.7678429430816323,0.04277984262444079,1
4,4,0.0,0.0,0.0,0.0,0.0,0.0,0.0,0.0,0.0,1
5,5,0.0,0.0,0.0,0.0,0.0,0.0,0.0,0.0,0.0,1
6,6,0.0,0.0,0.0,0.0,0.0,0.0,0.0,0.0,0.0,1
7,7,0.0,0.0,0.0,0.0,0.0,0.0,0.0,0.0,0.0,1
8,8,0.0,0.0,0.0,0.0,0.0,0.0,0.0,0.0,0.0,1
9,9,0.0,0.0,0.0,0.0,0.0,0.0,0.0,0.0,0.0,1
10,10,0.0,0.0,0.0,0.0,0.0,0.0,0.0,0.0,0.0,1
11,11,0.0,0.0,0.0,0.0,0.0,0.0,0.0,0.0,0.0,1
0,0,0.24358719238080084,0.23586246743798256,0.17565584019757807,0.060908094979822636,0.28259957232512534,0.36927653127349913,0.22795612458139658,0.7927780747413635,0.07222000136971474,2
1,1,0.05012772255577147,0.06663261190988123,0.2296786904335022,0.04386600945144892,0.18027757201343775,0.15773269906640053,0.04792502359487116,0.7737910377327353,0.05820480198599398,2
2,2,0.3950433994177729,0.4489384407643229,0.34716003481298685,0.06892868224531412,0.5210638626012951,0.4530783670488745,0.35123564302921295,0.7885719670448452,0.6044056499376893,2
7,3,0.0,0.0,0.0,0.0,0.0,0.0,0.0,0.0,0.0,2
3,4,0.36184072587639093,0.6618930781260133,0.5053887376561761,0.07220359984785318,0.34402048238553107,0.42047119140625,0.08104454004205763,0.7861077869310975,0.5060398019850254,2
4,5,0.42730607092380524,0.623751916224137,0.5404726602137089,0.07042700052261353,0.435161828994751,0.40671369642950594,0.39011018560267985,0.7919631162658334,0.5335400113835931,2
5,6,0.031351301819086075,0.02655722200870514,0.03149736695922911,0.034393676556646824,0.03762425482273102,0.03315982315689325,0.03021091246046126,0.7512204358354211,0.030322406440973282,2
8,7,0.0,0.0,0.0,0.0,0.0,0.0,0.0,0.0,0.0,2
6,8,0.1609976440668106,0.1354436764959246,0.12223738455213606,0.0716062190476805,0.3984650040511042,0.2381951140705496,0.3998725125566125,0.7784960269927979,0.048999918857589364,2
9,9,0.0,0.0,0.0,0.0,0.0,0.0,0.0,0.0,0.0,2
10,10,0.0,0.0,0.0,0.0,0.0,0.0,0.0,0.0,0.0,2
11,11,0.0,0.0,0.0,0.0,0.0,0.0,0.0,0.0,0.0,2
0,0,0.03733475902117789,0.03276643552817404,0.033109827199950814,0.036263465881347656,0.03543718927539885,0.03950592968612909,0.03517914190888405,0.7530201459303498,0.040599150815978646,3
11,1,0.0,0.0,0.0,0.0,0.0,0.0,0.0,0.0,0.0,3
3,2,0.039179060608148575,0.03750595822930336,0.03698766604065895,0.034066200256347656,0.04004762158729136,0.04515365604311228,0.03760058060288429,0.7580070206895471,0.03836782858707011,3
4,3,0.12131088320165873,0.07129623577930033,0.14373187813907862,0.05906940996646881,0.18455267790704966,0.15326814004220068,0.21476243645884097,0.7733079048339278,0.05976867023855448,3
5,4,0.03830807493068278,0.03725814167410135,0.034637471893802285,0.03383565344847739,0.03836782858707011,0.04198196902871132,0.036876235390082,0.7646106267347932,0.03998047113418579,3
6,5,0.03834392153657973,0.03585780505090952,0.032799588749185205,0.03480807156302035,0.03616473847068846,0.039221355924382806,0.03613572660833597,0.7571835836861283,0.0409504035487771,3
7,6,0.39177024737000465,0.1756814217660576,0.13184026256203651,0.07521935645490885,0.12061037123203278,0.1475166624877602,0.41437870101071894,0.7768274853006005,0.11925758421421051,3
8,7,0.03855336084961891,0.034717032918706536,0.07158988737501204,0.03411691286601126,0.03729349374771118,0.04160140850581229,0.03586936369538307,0.7593094951007515,0.03855935321189463,3
9,8,0.1308117548469454,0.1366255283355713,0.13198435329832137,0.05607478343881667,0.20167412259615958,0.1584000161383301,0.14021331444382668,0.7704122758004814,0.049013430485501885,3
10,9,0.06393483863212168,0.3510909676551819,0.6891310252249241,0.0761596942320466,0.2562643438577652,0.23782290518283844,0.05541909113526344,0.7878675220999867,0.07023276388645172,3
1,10,0.041489443043246865,0.040090383030474186,0.03942711488343775,0.03445029631257057,0.04541992419399321,0.047106802463531494,0.036759121576324105,0.7521464882884175,0.03887159773148596,3
2,11,0.03667725273407996,0.03797431499697268,0.0357365517411381,0.032821700209751725,0.037211031652987,0.03706988040357828,0.03647880838252604,0.7530995944980532,0.03698766604065895,3
0,0,0.0382304647937417,0.03399864211678505,0.03432579431682825,0.035961899906396866,0.037689397344365716,0.04101836332120001,0.03636232786811888,0.7534439200535417,0.03982806601561606,4
10,1,0.0,0.0,0.0,0.0,0.0,0.0,0.0,0.0,0.0,4
2,2,0.039596967631950974,0.03833197080530226,0.03590983361937106,0.03353320085443556,0.04396833572536707,0.04247740120626986,0.03760058060288429,0.7580070206895471,0.03754734084941447,4
3,3,0.03699353546835482,0.03293790761381388,0.03240835014730692,0.034836545586586,0.03566735633648932,0.03761241678148508,0.03624603361822665,0.7524111794773489,0.039566610008478165,4
4,4,0.03694072738289833,0.03643801901489496,0.035202041268348694,0.034066200256347656,0.03966987342573702,0.041576514253392816,0.036876235390082,0.7646106267347932,0.039986573392525315,4
5,5,0.03894985560327768,0.0346204349771142,0.033931151032447815,0.0345239716116339,0.037352451123297215,0.039221355924382806,0.03597926371730864,0.7571835836861283,0.0409504035487771,4
6,6,0.29198838607408106,0.16562227183021605,0.11100601986981928,0.0582195280585438,0.11830047727562487,0.1475166624877602,0.25784254167228937,0.7742474684491754,0.11925758421421051,4
7,7,0.03876937925815582,0.0342071617487818,0.07158988737501204,0.03389743063598871,0.0385054387152195,0.04160140850581229,0.035333857173100114,0.7593094951007515,0.03906437405385077,4
8,8,0.06446063541807234,0.05799883254803717,0.05587983503937721,0.050820195116102695,0.09829625696875155,0.07795561198145151,0.14631185308098793,0.7599744535982609,0.037748666713014245,4
9,9,0.06685336702503264,0.36011719703674316,0.6513339190278202,0.09878482762724161,0.2562643438577652,0.17595014069229364,0.09526777639985085,0.7899004304781556,0.07023276388645172,4
1,10,0.040820818627253175,0.04151431121863425,0.041043089935556054,0.033807591535151005,0.044829998165369034,0.049087777733802795,0.036263465881347656,0.75201416015625,0.038499450543895364,4
11,11,0.0,0.0,0.0,0.0,0.0,0.0,0.0,0.0,0.0,4
0,0,0.03783765807747841,0.032540337182581425,0.03867329657077789,0.038481488823890686,0.04876376688480377,0.039773271419107914,0.037093386985361576,0.7570242604706436,0.04044556990265846,5
11,1,0.0,0.0,0.0,0.0,0.0,0.0,0.0,0.0,0.0,5
3,2,0.04004762158729136,0.03942711488343775,0.055850982666015625,0.03534533106721938,0.11628333106637001,0.2275192178785801,0.036759121576324105,0.7581664472818375,0.03767754905857146,5
4,3,0.2822265625,0.400837991386652,0.2916092285886407,0.10238515678793192,0.12840569391846657,0.1797337681055069,0.42762531340122223,0.7867573061957955,0.2048109380993992,5
5,4,0.03814697265625,0.04907425586134195,0.05646569863893092,0.036025587702170014,0.07979831867851317,0.1236605728045106,0.03615893516689539,0.7636235936079174,0.040783832082524896,5
6,5,0.03861330542713404,0.03893178910948336,0.04556963685899973,0.036484637297689915,0.08094031945802271,0.13908429094590247,0.036484637297689915,0.7522523591760546,0.039185101399198174,5
7,6,0.03953626402653754,0.03922739997506142,0.0525126988068223,0.04014539555646479,0.07624393701553345,0.13007328286767006,0.03716395143419504,0.764824123121798,0.040586853632703424,5
8,7,0.038811452919617295,0.03607773780822754,0.048313295701518655,0.03548891190439463,0.07686878088861704,0.08181087323464453,0.03629252896644175,0.7566260257735848,0.03778425068594515,5
9,8,0.19043283560313284,0.3792835215572268,0.511088851839304,0.17206748598255217,0.2609199322760105,0.31977975741028786,0.586859422037378,0.7801394036505371,0.07556290947832167,5
10,9,0.054953100392594934,0.21731564798392355,0.698434398509562,0.07227742136456072,0.3379615491721779,0.21302641928195953,0.05158670828677714,0.7804089749697596,0.07476806640625,5
1,10,0.04254032135941088,0.0703055711928755,0.06349575612694025,0.03534533106721938,0.2657590026501566,0.12943569663912058,0.048622349509969354,0.7623973602894694,0.03761241678148508,5
2,11,0.07232665666379035,0.18167969677597284,0.10755589441396296,0.05407668650150299,0.2934082879219204,0.13812991068698466,0.24894825206138194,0.7793848516885191,0.05057969153858721,5
0,0,0.038182743825018406,0.04650598601438105,0.07507713721133769,0.038481488823890686,0.17314518336206675,0.1276740545872599,0.040108716348186135,0.7625838974490762,0.06581586063839495,6
11,1,0.0,0.0,0.0,0.0,0.0,0.0,0.0,0.0,0.0,6
3,2,0.041290765861049294,0.05244278907775879,0.06964360945858061,0.035328120924532413,0.1832309199962765,0.2275192178785801,0.05126144830137491,0.7677092412486672,0.04230147250927985,6
4,3,0.2822265625,0.3576308637857437,0.2916092285886407,0.10238515678793192,0.12840569391846657,0.1797337681055069,0.42762531340122223,0.7867573061957955,0.2048109380993992,6
5,4,0.05825635138899088,0.09108540625311434,0.15567898843437433,0.03709926479496062,0.15328008774667978,0.1236605728045106,0.08404301502741873,0.7863242635503411,0.05885451124049723,6
6,5,0.03861330542713404,0.047265902161598206,0.045758756110444665,0.036484637297689915,0.08094031945802271,0.13908429094590247,0.0374764131847769,0.7687791818752885,0.04152674810029566,6
7,6,0.03953626402653754,0.05224031419493258,0.06485639605671167,0.04014539555646479,0.08250190317630768,0.13007328286767006,0.03878740803338587,0.7721007326617837,0.046190625289455056,6
8,7,0.038745347410440445,0.05488873366266489,0.05137205962091684,0.03548891190439463,0.1287449209485203,0.09716096892952919,0.040206564823165536,0.7706265805754811,0.04132798151113093,6
9,8,0.25699095078743994,0.2516047398094088,0.511088851839304,0.17206748598255217,0.2609199322760105,0.30522859864868224,0.6540459583047777,0.7801394036505371,0.10437702969647944,6
10,9,0.05279280338436365,0.21731564798392355,0.5612189918756485,0.0639425553381443,0.3379615491721779,0.21302641928195953,0.04980710241943598,0.7804089749697596,0.11016370356082916,6
1,10,0.05233801179565489,0.08730322495102882,0.07569719129242003,0.03534533106721938,0.4731809163931757,0.1655850149691105,0.06523777754046023,0.7744623059406877,0.052778780460357666,6
2,11,0.07232665666379035,0.18167969677597284,0.10755589441396296,0.05407668650150299,0.2934082879219204,0.13812991068698466,0.24894825206138194,0.7793848516885191,0.05057969153858721,6
0,0,0.03932416811585426,0.04650598601438105,0.07507713721133769,0.03843959444202483,0.17314518336206675,0.1276740545872599,0.040108716348186135,0.7763971844688058,0.06581586063839495,7
11,1,0.0,0.0,0.0,0.0,0.0,0.0,0.0,0.0,0.0,7
3,2,0.041290765861049294,0.05244278907775879,0.06964360945858061,0.035316649824380875,0.1832309199962765,0.16052044206298888,0.05126144830137491,0.7774193435907364,0.04230147250927985,7
4,3,0.10741582163609564,0.151505014160648,0.17062738561071455,0.07583159231580794,0.11811161623336375,0.1615859419107437,0.35746663087047637,0.7766930034849793,0.13946012500673532,7
5,4,0.05825635138899088,0.09108540625311434,0.15567898843437433,0.03709926479496062,0.15328008774667978,0.11927866283804178,0.08404301502741873,0.7863242635503411,0.05885451124049723,7
6,5,0.039487734669819474,0.047265902161598206,0.045758756110444665,0.03539124527014792,0.07541198492981493,0.05489588365890086,0.0374764131847769,0.7687791818752885,0.04152674810029566,7
7,6,0.03965771780349314,0.05224031419493258,0.057390425354242325,0.03723458293825388,0.08250190317630768,0.05851444066502154,0.03878740803338587,0.7721007326617837,0.043578855926170945,7
8,7,0.03910660743713379,0.05488873366266489,0.05137205962091684,0.03411691286601126,0.1287449209485203,0.09716096892952919,0.040206564823165536,0.7706265805754811,0.04132798151113093,7
9,8,0.36983308964408934,0.2386868754401803,0.09458140120841563,0.1136447882745415,0.19842555024661124,0.18476250115782022,0.6893590486142784,0.778765314258635,0.17337383329868317,7
10,9,0.07805789355188608,0.34716003481298685,0.40047097229398787,0.06728805601596832,0.19270353042520583,0.12464985344558954,0.1082977952901274,0.7832963028922677,0.0928437712136656,7
1,10,0.05233801179565489,0.08730322495102882,0.07569719129242003,0.034580698469653726,0.4731809163931757,0.1655850149691105,0.06523777754046023,0.7713232769165188,0.052778780460357666,7
2,11,0.03185039758682251,0.03845754638314247,0.042088335612788796,0.03130808845162392,0.03784953150898218,0.0336954602971673,0.038057618075981736,0.7639969906304032,0.034580698469653726,7
0,0,0.037855468923226,0.034224096685647964,0.044449579203501344,0.038481488823890686,0.06483308249153197,0.08640384674072266,0.03744687978178263,0.7597882358822972,0.051545128459110856,8
11,1,0.0,0.0,0.0,0.0,0.0,0.0,0.0,0.0,0.0,8
3,2,0.039968268014490604,0.04466215614229441,0.06902486179023981,0.03448995784856379,0.07833951362408698,0.2524167010560632,0.04040261940099299,0.7677092412486672,0.04610539972782135,8
4,3,0.04057455831207335,0.03557520010508597,0.03484224178828299,0.035892486572265625,0.052568660117685795,0.051649109460413456,0.036612991243600845,0.7565463914070278,0.03962733689695597,8
5,4,0.03955447021871805,0.061504544923081994,0.08426433801651001,0.03709926479496062,0.07702962518669665,0.08107929513789713,0.048730077454820275,0.7863242635503411,0.0461578369140625,8
6,5,0.03890168759971857,0.03639725246466696,0.0396881103515625,0.036484637297689915,0.06399658531881869,0.053835668601095676,0.0374764131847769,0.7687791818752885,0.04152674810029566,8
7,6,0.04021268431097269,0.03928181738592684,0.06485639605671167,0.04014539555646479,0.07567200437188148,0.08575917780399323,0.03878740803338587,0.7721007326617837,0.046190625289455056,8
8,7,0.03917302028276026,0.03569041402079165,0.04428245150484145,0.03548891190439463,0.06687704101204872,0.05270869378000498,0.036612991243600845,0.7679231697693467,0.03793269768357277,8
9,8,0.2673030106816441,0.41946257115341723,0.48199645266868174,0.17206748598255217,0.2546139901969582,0.24166309484280646,0.6540459583047777,0.7739521155599505,0.15411758422851562,8
10,9,0.06331901089288294,0.2928960658609867,0.7135629653930664,0.12222671508789062,0.3379615491721779,0.21359020471572876,0.05130291357636452,0.7794656790792942,0.11016370356082916,8
1,10,0.04146458231844008,0.046631112694740295,0.06710610562004149,0.035150528186932206,0.10050920047797263,0.07336447038687766,0.0471134262625128,0.7744623059406877,0.04464925825595856,8
2,11,0.0366246709600091,0.06321922037750483,0.066475153202191,0.04590248712338507,0.204741888679564,0.09748466406017542,0.06102866027504206,0.7722616344690323,0.0467168225441128,8
2,0,0.0,0.0,0.0,0.0,0.0,0.0,0.0,0.0,0.0,9
0,1,0.043438812950626016,0.03467155830003321,0.03323766961693764,0.0364263691008091,0.04193821013905108,0.050751421600580215,0.035523414611816406,0.7463350633624941,0.04698765370994806,9
3,2,0.0,0.0,0.0,0.0,0.0,0.0,0.0,0.0,0.0,9
1,3,0.13162980997003615,0.21391471871174872,0.05888412916101515,0.06442190054804087,0.09970777574926615,0.1558837539050728,0.4337336684111506,0.7678429430816323,0.07283640303649008,9
4,4,0.0,0.0,0.0,0.0,0.0,0.0,0.0,0.0,0.0,9
5,5,0.0,0.0,0.0,0.0,0.0,0.0,0.0,0.0,0.0,9
6,6,0.0,0.0,0.0,0.0,0.0,0.0,0.0,0.0,0.0,9
7,7,0.0,0.0,0.0,0.0,0.0,0.0,0.0,0.0,0.0,9
8,8,0.0,0.0,0.0,0.0,0.0,0.0,0.0,0.0,0.0,9
9,9,0.0,0.0,0.0,0.0,0.0,0.0,0.0,0.0,0.0,9
10,10,0.0,0.0,0.0,0.0,0.0,0.0,0.0,0.0,0.0,9
11,11,0.0,0.0,0.0,0.0,0.0,0.0,0.0,0.0,0.0,9
2,0,0.0,0.0,0.0,0.0,0.0,0.0,0.0,0.0,0.0,10
0,1,0.24850687477737665,0.45624731318093836,0.1009450489655137,0.0873122422490269,0.2691997236106545,0.14687270298600197,0.49010254442691803,0.7864054499659687,0.09883279190398753,10
1,2,0.18633997533470392,0.09075413667596877,0.1151103584561497,0.0813924262765795,0.14652204606682062,0.14303852710872889,0.4997637355700135,0.7838636005762964,0.07404384412802756,10
3,3,0.0,0.0,0.0,0.0,0.0,0.0,0.0,0.0,0.0,10
4,4,0.0,0.0,0.0,0.0,0.0,0.0,0.0,0.0,0.0,10
5,5,0.0,0.0,0.0,0.0,0.0,0.0,0.0,0.0,0.0,10
6,6,0.0,0.0,0.0,0.0,0.0,0.0,0.0,0.0,0.0,10
7,7,0.0,0.0,0.0,0.0,0.0,0.0,0.0,0.0,0.0,10
8,8,0.0,0.0,0.0,0.0,0.0,0.0,0.0,0.0,0.0,10
9,9,0.0,0.0,0.0,0.0,0.0,0.0,0.0,0.0,0.0,10
10,10,0.0,0.0,0.0,0.0,0.0,0.0,0.0,0.0,0.0,10
11,11,0.0,0.0,0.0,0.0,0.0,0.0,0.0,0.0,0.0,10
2,0,0.0,0.0,0.0,0.0,0.0,0.0,0.0,0.0,0.0,11
0,1,0.24850687477737665,0.45624731318093836,0.1009450489655137,0.0873122422490269,0.2691997236106545,0.14687270298600197,0.49010254442691803,0.7864054499659687,0.09883279190398753,11
1,2,0.18633997533470392,0.09075413667596877,0.1151103584561497,0.0813924262765795,0.14652204606682062,0.14303852710872889,0.4997637355700135,0.7838636005762964,0.07404384412802756,11
3,3,0.0,0.0,0.0,0.0,0.0,0.0,0.0,0.0,0.0,11
4,4,0.0,0.0,0.0,0.0,0.0,0.0,0.0,0.0,0.0,11
5,5,0.0,0.0,0.0,0.0,0.0,0.0,0.0,0.0,0.0,11
6,6,0.0,0.0,0.0,0.0,0.0,0.0,0.0,0.0,0.0,11
7,7,0.0,0.0,0.0,0.0,0.0,0.0,0.0,0.0,0.0,11
8,8,0.0,0.0,0.0,0.0,0.0,0.0,0.0,0.0,0.0,11
9,9,0.0,0.0,0.0,0.0,0.0,0.0,0.0,0.0,0.0,11
10,10,0.0,0.0,0.0,0.0,0.0,0.0,0.0,0.0,0.0,11
11,11,0.0,0.0,0.0,0.0,0.0,0.0,0.0,0.0,0.0,11
2,0,0.0,0.0,0.0,0.0,0.0,0.0,0.0,0.0,0.0,12
0,1,0.24850687477737665,0.45624731318093836,0.1111382395029068,0.08889744058251381,0.17819745116867125,0.14687270298600197,0.49010254442691803,0.7864054499659687,0.09883279190398753,12
1,2,0.18633997533470392,0.09075413667596877,0.1151103584561497,0.0813924262765795,0.14652204606682062,0.14303852710872889,0.4997637355700135,0.7838636005762964,0.07404384412802756,12
3,3,0.0,0.0,0.0,0.0,0.0,0.0,0.0,0.0,0.0,12
4,4,0.0,0.0,0.0,0.0,0.0,0.0,0.0,0.0,0.0,12
5,5,0.0,0.0,0.0,0.0,0.0,0.0,0.0,0.0,0.0,12
6,6,0.0,0.0,0.0,0.0,0.0,0.0,0.0,0.0,0.0,12
7,7,0.0,0.0,0.0,0.0,0.0,0.0,0.0,0.0,0.0,12
8,8,0.0,0.0,0.0,0.0,0.0,0.0,0.0,0.0,0.0,12
9,9,0.0,0.0,0.0,0.0,0.0,0.0,0.0,0.0,0.0,12
10,10,0.0,0.0,0.0,0.0,0.0,0.0,0.0,0.0,0.0,12
11,11,0.0,0.0,0.0,0.0,0.0,0.0,0.0,0.0,0.0,12
1,0,0.0,0.0,0.0,0.0,0.0,0.0,0.0,0.0,0.0,13
0,1,0.04018209152854979,0.0671456390991807,0.0820292392745614,0.03921531233936548,0.6198534762952477,0.20769370929338038,0.03948167059570551,0.773442093282938,0.03985852375626564,13
2,2,0.0,0.0,0.0,0.0,0.0,0.0,0.0,0.0,0.0,13
3,3,0.0,0.0,0.0,0.0,0.0,0.0,0.0,0.0,0.0,13
4,4,0.0,0.0,0.0,0.0,0.0,0.0,0.0,0.0,0.0,13
5,5,0.0,0.0,0.0,0.0,0.0,0.0,0.0,0.0,0.0,13
6,6,0.0,0.0,0.0,0.0,0.0,0.0,0.0,0.0,0.0,13
7,7,0.0,0.0,0.0,0.0,0.0,0.0,0.0,0.0,0.0,13
8,8,0.0,0.0,0.0,0.0,0.0,0.0,0.0,0.0,0.0,13
9,9,0.0,0.0,0.0,0.0,0.0,0.0,0.0,0.0,0.0,13
10,10,0.0,0.0,0.0,0.0,0.0,0.0,0.0,0.0,0.0,13
11,11,0.0,0.0,0.0,0.0,0.0,0.0,0.0,0.0,0.0,13
1,0,0.0,0.0,0.0,0.0,0.0,0.0,0.0,0.0,0.0,14
0,1,0.04018209152854979,0.0671456390991807,0.0820292392745614,0.03921531233936548,0.6198534762952477,0.20769370929338038,0.03948167059570551,0.773442093282938,0.03985852375626564,14
2,2,0.0,0.0,0.0,0.0,0.0,0.0,0.0,0.0,0.0,14
3,3,0.0,0.0,0.0,0.0,0.0,0.0,0.0,0.0,0.0,14
4,4,0.0,0.0,0.0,0.0,0.0,0.0,0.0,0.0,0.0,14
5,5,0.0,0.0,0.0,0.0,0.0,0.0,0.0,0.0,0.0,14
6,6,0.0,0.0,0.0,0.0,0.0,0.0,0.0,0.0,0.0,14
7,7,0.0,0.0,0.0,0.0,0.0,0.0,0.0,0.0,0.0,14
8,8,0.0,0.0,0.0,0.0,0.0,0.0,0.0,0.0,0.0,14
9,9,0.0,0.0,0.0,0.0,0.0,0.0,0.0,0.0,0.0,14
10,10,0.0,0.0,0.0,0.0,0.0,0.0,0.0,0.0,0.0,14
11,11,0.0,0.0,0.0,0.0,0.0,0.0,0.0,0.0,0.0,14
1,0,0.0,0.0,0.0,0.0,0.0,0.0,0.0,0.0,0.0,15
0,1,0.24850687477737665,0.4555055315140635,0.08559838775545359,0.09552226983942091,0.30986577295698225,0.15977546945214272,0.550457306439057,0.7864054499659687,0.09357982873916626,15
2,2,0.0,0.0,0.0,0.0,0.0,0.0,0.0,0.0,0.0,15
3,3,0.0,0.0,0.0,0.0,0.0,0.0,0.0,0.0,0.0,15
4,4,0.0,0.0,0.0,0.0,0.0,0.0,0.0,0.0,0.0,15
5,5,0.0,0.0,0.0,0.0,0.0,0.0,0.0,0.0,0.0,15
6,6,0.0,0.0,0.0,0.0,0.0,0.0,0.0,0.0,0.0,15
7,7,0.0,0.0,0.0,0.0,0.0,0.0,0.0,0.0,0.0,15
8,8,0.0,0.0,0.0,0.0,0.0,0.0,0.0,0.0,0.0,15
9,9,0.0,0.0,0.0,0.0,0.0,0.0,0.0,0.0,0.0,15
10,10,0.0,0.0,0.0,0.0,0.0,0.0,0.0,0.0,0.0,15
11,11,0.0,0.0,0.0,0.0,0.0,0.0,0.0,0.0,0.0,15
1,0,0.0,0.0,0.0,0.0,0.0,0.0,0.0,0.0,0.0,16
0,1,0.24850687477737665,0.45624731318093836,0.08559838775545359,0.09552226983942091,0.6198534762952477,0.20769370929338038,0.550457306439057,0.7864054499659687,0.09357982873916626,16
2,2,0.0,0.0,0.0,0.0,0.0,0.0,0.0,0.0,0.0,16
3,3,0.0,0.0,0.0,0.0,0.0,0.0,0.0,0.0,0.0,16
4,4,0.0,0.0,0.0,0.0,0.0,0.0,0.0,0.0,0.0,16
5,5,0.0,0.0,0.0,0.0,0.0,0.0,0.0,0.0,0.0,16
6,6,0.0,0.0,0.0,0.0,0.0,0.0,0.0,0.0,0.0,16
7,7,0.0,0.0,0.0,0.0,0.0,0.0,0.0,0.0,0.0,16
8,8,0.0,0.0,0.0,0.0,0.0,0.0,0.0,0.0,0.0,16
9,9,0.0,0.0,0.0,0.0,0.0,0.0,0.0,0.0,0.0,16
10,10,0.0,0.0,0.0,0.0,0.0,0.0,0.0,0.0,0.0,16
11,11,0.0,0.0,0.0,0.0,0.0,0.0,0.0,0.0,0.0,16
2,0,0.0,0.0,0.0,0.0,0.0,0.0,0.0,0.0,0.0,17
0,1,0.04195071035064757,0.11496544838882983,0.08891563955694437,0.03571347915567458,0.08541099005378783,0.04348334763199091,0.05152434483170509,0.7706265805754811,0.05520377401262522,17
3,2,0.0,0.0,0.0,0.0,0.0,0.0,0.0,0.0,0.0,17
4,3,0.0,0.0,0.0,0.0,0.0,0.0,0.0,0.0,0.0,17
1,4,0.20204432401806116,0.21690327767282724,0.10475202486850321,0.07422664784826338,0.16093642474152148,0.10313843586482108,0.41398589708842337,0.7743548834696412,0.06099097081460059,17
5,5,0.0,0.0,0.0,0.0,0.0,0.0,0.0,0.0,0.0,17
6,6,0.0,0.0,0.0,0.0,0.0,0.0,0.0,0.0,0.0,17
7,7,0.0,0.0,0.0,0.0,0.0,0.0,0.0,0.0,0.0,17
8,8,0.0,0.0,0.0,0.0,0.0,0.0,0.0,0.0,0.0,17
9,9,0.0,0.0,0.0,0.0,0.0,0.0,0.0,0.0,0.0,17
10,10,0.0,0.0,0.0,0.0,0.0,0.0,0.0,0.0,0.0,17
11,11,0.0,0.0,0.0,0.0,0.0,0.0,0.0,0.0,0.0,17
2,0,0.0,0.0,0.0,0.0,0.0,0.0,0.0,0.0,0.0,18
0,1,0.04195071035064757,0.11496544838882983,0.08891563955694437,0.03571347915567458,0.08541099005378783,0.04348334763199091,0.05152434483170509,0.7706265805754811,0.05520377401262522,18
3,2,0.0,0.0,0.0,0.0,0.0,0.0,0.0,0.0,0.0,18
4,3,0.0,0.0,0.0,0.0,0.0,0.0,0.0,0.0,0.0,18
1,4,0.20204432401806116,0.21690327767282724,0.10475202486850321,0.07422664784826338,0.16093642474152148,0.10313843586482108,0.41398589708842337,0.7743548834696412,0.06099097081460059,18
5,5,0.0,0.0,0.0,0.0,0.0,0.0,0.0,0.0,0.0,18
6,6,0.0,0.0,0.0,0.0,0.0,0.0,0.0,0.0,0.0,18
7,7,0.0,0.0,0.0,0.0,0.0,0.0,0.0,0.0,0.0,18
8,8,0.0,0.0,0.0,0.0,0.0,0.0,0.0,0.0,0.0,18
9,9,0.0,0.0,0.0,0.0,0.0,0.0,0.0,0.0,0.0,18
10,10,0.0,0.0,0.0,0.0,0.0,0.0,0.0,0.0,0.0,18
11,11,0.0,0.0,0.0,0.0,0.0,0.0,0.0,0.0,0.0,18
0,0,0.13991636130958796,0.4269271253142506,0.6808213947806507,0.0947316272649914,0.2196836492512375,0.23189244815148413,0.6442599950823933,0.7099841816816479,0.20223641395568848,19
1,1,0.0535457453224808,0.693164991447702,0.27968694479204714,0.0598582336679101,0.35045836330391467,0.2232452912721783,0.05303147807717323,0.7799237801227719,0.1433272196445614,19
2,2,0.0561109222471714,0.6794120094273239,0.42259125248529017,0.09869852126576006,0.10345229902304709,0.10967804491519928,0.07541198492981493,0.5494841374456882,0.09386945539154112,19
4,3,0.0,0.0,0.0,0.0,0.0,0.0,0.0,0.0,0.0,19
3,4,0.2688198445830494,0.2606394151225686,0.22830595169216394,0.1051375875249505,0.1919273103121668,0.19789573643356562,0.5619050646200776,0.7757250780705363,0.23124628351069987,19
5,5,0.0,0.0,0.0,0.0,0.0,0.0,0.0,0.0,0.0,19
6,6,0.0,0.0,0.0,0.0,0.0,0.0,0.0,0.0,0.0,19
7,7,0.0,0.0,0.0,0.0,0.0,0.0,0.0,0.0,0.0,19
8,8,0.0,0.0,0.0,0.0,0.0,0.0,0.0,0.0,0.0,19
9,9,0.0,0.0,0.0,0.0,0.0,0.0,0.0,0.0,0.0,19
10,10,0.0,0.0,0.0,0.0,0.0,0.0,0.0,0.0,0.0,19
11,11,0.0,0.0,0.0,0.0,0.0,0.0,0.0,0.0,0.0,19
2,0,0.0,0.0,0.0,0.0,0.0,0.0,0.0,0.0,0.0,20
0,1,0.048709869384765625,0.14870287477970123,0.08891563955694437,0.038129093358293176,0.08890653983689845,0.057251602644100785,0.0665853547398001,0.7706265805754811,0.0586030597332865,20
3,2,0.0,0.0,0.0,0.0,0.0,0.0,0.0,0.0,0.0,20
4,3,0.0,0.0,0.0,0.0,0.0,0.0,0.0,0.0,0.0,20
1,4,0.17364078224636614,0.16517546609975398,0.09063465986400843,0.07422664784826338,0.15056806150823832,0.10313843586482108,0.4052164787426591,0.7743548834696412,0.05822689179331064,20
5,5,0.0,0.0,0.0,0.0,0.0,0.0,0.0,0.0,0.0,20
6,6,0.0,0.0,0.0,0.0,0.0,0.0,0.0,0.0,0.0,20
7,7,0.0,0.0,0.0,0.0,0.0,0.0,0.0,0.0,0.0,20
8,8,0.0,0.0,0.0,0.0,0.0,0.0,0.0,0.0,0.0,20
9,9,0.0,0.0,0.0,0.0,0.0,0.0,0.0,0.0,0.0,20
10,10,0.0,0.0,0.0,0.0,0.0,0.0,0.0,0.0,0.0,20
11,11,0.0,0.0,0.0,0.0,0.0,0.0,0.0,0.0,0.0,20
0,0,0.13991636130958796,0.3187968416605145,0.6808213947806507,0.0947316272649914,0.2196836492512375,0.23189244815148413,0.6442599950823933,0.7099841816816479,0.16659242124296725,21
1,1,0.047664824873209,0.5331165625248104,0.27968694479204714,0.0598582336679101,0.35045836330391467,0.1937364498153329,0.04978667222894728,0.7794926224742085,0.08259835303761065,21
2,2,0.0561109222471714,0.5233794786036015,0.42259125248529017,0.09869852126576006,0.10345229902304709,0.09909200016409159,0.07541198492981493,0.5494841374456882,0.09280657977797091,21
4,3,0.0,0.0,0.0,0.0,0.0,0.0,0.0,0.0,0.0,21
3,4,0.28363880910910666,0.2606394151225686,0.13134209462441504,0.093272008234635,0.1919273103121668,0.19789573643356562,0.5619050646200776,0.7757250780705363,0.10426860395818949,21
5,5,0.0,0.0,0.0,0.0,0.0,0.0,0.0,0.0,0.0,21
6,6,0.0,0.0,0.0,0.0,0.0,0.0,0.0,0.0,0.0,21
7,7,0.0,0.0,0.0,0.0,0.0,0.0,0.0,0.0,0.0,21
8,8,0.0,0.0,0.0,0.0,0.0,0.0,0.0,0.0,0.0,21
9,9,0.0,0.0,0.0,0.0,0.0,0.0,0.0,0.0,0.0,21
10,10,0.0,0.0,0.0,0.0,0.0,0.0,0.0,0.0,0.0,21
11,11,0.0,0.0,0.0,0.0,0.0,0.0,0.0,0.0,0.0,21
2,0,0.0,0.0,0.0,0.0,0.0,0.0,0.0,0.0,0.0,22
0,1,0.16662979125976562,0.7558298707008362,0.6242340526077896,0.06627859175205231,0.34724994585849345,0.14388232515193522,0.11020422354340553,0.7820543684065342,0.3577768802642822,22
3,2,0.0,0.0,0.0,0.0,0.0,0.0,0.0,0.0,0.0,22
4,3,0.0,0.0,0.0,0.0,0.0,0.0,0.0,0.0,0.0,22
1,4,0.04638760001398623,0.19408585131168365,0.19524380657821894,0.061126707354560494,0.18545839213766158,0.11197405401617289,0.04969138675369322,0.7673884043470025,0.04670363129116595,22
5,5,0.0,0.0,0.0,0.0,0.0,0.0,0.0,0.0,0.0,22
6,6,0.0,0.0,0.0,0.0,0.0,0.0,0.0,0.0,0.0,22
7,7,0.0,0.0,0.0,0.0,0.0,0.0,0.0,0.0,0.0,22
8,8,0.0,0.0,0.0,0.0,0.0,0.0,0.0,0.0,0.0,22
9,9,0.0,0.0,0.0,0.0,0.0,0.0,0.0,0.0,0.0,22
10,10,0.0,0.0,0.0,0.0,0.0,0.0,0.0,0.0,0.0,22
11,11,0.0,0.0,0.0,0.0,0.0,0.0,0.0,0.0,0.0,22
2,0,0.0,0.0,0.0,0.0,0.0,0.0,0.0,0.0,0.0,23
0,1,0.16662979125976562,0.7558298707008362,0.6242340526077896,0.06562809483148158,0.2762919068336487,0.14388232515193522,0.11020422354340553,0.7820543684065342,0.3577768802642822,23
3,2,0.0,0.0,0.0,0.0,0.0,0.0,0.0,0.0,0.0,23
4,3,0.0,0.0,0.0,0.0,0.0,0.0,0.0,0.0,0.0,23
1,4,0.04638760001398623,0.19408585131168365,0.19524380657821894,0.061126707354560494,0.18545839213766158,0.11197405401617289,0.04969138675369322,0.7673884043470025,0.04670363129116595,23
5,5,0.0,0.0,0.0,0.0,0.0,0.0,0.0,0.0,0.0,23
6,6,0.0,0.0,0.0,0.0,0.0,0.0,0.0,0.0,0.0,23
7,7,0.0,0.0,0.0,0.0,0.0,0.0,0.0,0.0,0.0,23
8,8,0.0,0.0,0.0,0.0,0.0,0.0,0.0,0.0,0.0,23
9,9,0.0,0.0,0.0,0.0,0.0,0.0,0.0,0.0,0.0,23
10,10,0.0,0.0,0.0,0.0,0.0,0.0,0.0,0.0,0.0,23
11,11,0.0,0.0,0.0,0.0,0.0,0.0,0.0,0.0,0.0,23
2,0,0.0,0.0,0.0,0.0,0.0,0.0,0.0,0.0,0.0,24
0,1,0.16662979125976562,0.7558298707008362,0.6242340526077896,0.06562809483148158,0.2762919068336487,0.14388232515193522,0.11020422354340553,0.7820543684065342,0.3577768802642822,24
3,2,0.0,0.0,0.0,0.0,0.0,0.0,0.0,0.0,0.0,24
4,3,0.0,0.0,0.0,0.0,0.0,0.0,0.0,0.0,0.0,24
1,4,0.04638760001398623,0.19408585131168365,0.19524380657821894,0.061126707354560494,0.18545839213766158,0.11197405401617289,0.04969138675369322,0.7673884043470025,0.04670363129116595,24
5,5,0.0,0.0,0.0,0.0,0.0,0.0,0.0,0.0,0.0,24
6,6,0.0,0.0,0.0,0.0,0.0,0.0,0.0,0.0,0.0,24
7,7,0.0,0.0,0.0,0.0,0.0,0.0,0.0,0.0,0.0,24
8,8,0.0,0.0,0.0,0.0,0.0,0.0,0.0,0.0,0.0,24
9,9,0.0,0.0,0.0,0.0,0.0,0.0,0.0,0.0,0.0,24
10,10,0.0,0.0,0.0,0.0,0.0,0.0,0.0,0.0,0.0,24
11,11,0.0,0.0,0.0,0.0,0.0,0.0,0.0,0.0,0.0,24
0,0,0.03539124527014792,0.03826627507805824,0.045713070780038834,0.04571959585882723,0.05422581941820681,0.04634817154146731,0.03986461670137942,0.7640770161524415,0.03764201537705958,25
1,1,0.10247305990196764,0.1656719541642815,0.08989200019277632,0.04196321242488921,0.1745575948152691,0.08491226681508124,0.18389774858951569,0.7986854205373675,0.057178605580702424,25
2,2,0.0,0.0,0.0,0.0,0.0,0.0,0.0,0.0,0.0,25
3,3,0.0,0.0,0.0,0.0,0.0,0.0,0.0,0.0,0.0,25
4,4,0.0,0.0,0.0,0.0,0.0,0.0,0.0,0.0,0.0,25
5,5,0.0,0.0,0.0,0.0,0.0,0.0,0.0,0.0,0.0,25
6,6,0.0,0.0,0.0,0.0,0.0,0.0,0.0,0.0,0.0,25
7,7,0.0,0.0,0.0,0.0,0.0,0.0,0.0,0.0,0.0,25
8,8,0.0,0.0,0.0,0.0,0.0,0.0,0.0,0.0,0.0,25
9,9,0.0,0.0,0.0,0.0,0.0,0.0,0.0,0.0,0.0,25
10,10,0.0,0.0,0.0,0.0,0.0,0.0,0.0,0.0,0.0,25
11,11,0.0,0.0,0.0,0.0,0.0,0.0,0.0,0.0,0.0,25
1,0,0.0,0.0,0.0,0.0,0.0,0.0,0.0,0.0,0.0,26
0,1,0.03954233229160309,0.03448429051786661,0.0638037258759141,0.03537402395159006,0.07641256228089333,0.04321013786830008,0.036182151176035404,0.7631436458323151,0.038224498042836785,26
2,2,0.0,0.0,0.0,0.0,0.0,0.0,0.0,0.0,0.0,26
3,3,0.0,0.0,0.0,0.0,0.0,0.0,0.0,0.0,0.0,26
4,4,0.0,0.0,0.0,0.0,0.0,0.0,0.0,0.0,0.0,26
5,5,0.0,0.0,0.0,0.0,0.0,0.0,0.0,0.0,0.0,26
6,6,0.0,0.0,0.0,0.0,0.0,0.0,0.0,0.0,0.0,26
7,7,0.0,0.0,0.0,0.0,0.0,0.0,0.0,0.0,0.0,26
8,8,0.0,0.0,0.0,0.0,0.0,0.0,0.0,0.0,0.0,26
9,9,0.0,0.0,0.0,0.0,0.0,0.0,0.0,0.0,0.0,26
10,10,0.0,0.0,0.0,0.0,0.0,0.0,0.0,0.0,0.0,26
11,11,0.0,0.0,0.0,0.0,0.0,0.0,0.0,0.0,0.0,26
1,0,0.0,0.0,0.0,0.0,0.0,0.0,0.0,0.0,0.0,27
0,1,0.30032527283765376,0.3756835500244051,0.10315803834237158,0.09904397302307189,0.1745575948152691,0.1655725969467312,0.47578756348229945,0.7986854205373675,0.1045841807499528,27
2,2,0.0,0.0,0.0,0.0,0.0,0.0,0.0,0.0,0.0,27
3,3,0.0,0.0,0.0,0.0,0.0,0.0,0.0,0.0,0.0,27
4,4,0.0,0.0,0.0,0.0,0.0,0.0,0.0,0.0,0.0,27
5,5,0.0,0.0,0.0,0.0,0.0,0.0,0.0,0.0,0.0,27
6,6,0.0,0.0,0.0,0.0,0.0,0.0,0.0,0.0,0.0,27
7,7,0.0,0.0,0.0,0.0,0.0,0.0,0.0,0.0,0.0,27
8,8,0.0,0.0,0.0,0.0,0.0,0.0,0.0,0.0,0.0,27
9,9,0.0,0.0,0.0,0.0,0.0,0.0,0.0,0.0,0.0,27
10,10,0.0,0.0,0.0,0.0,0.0,0.0,0.0,0.0,0.0,27
11,11,0.0,0.0,0.0,0.0,0.0,0.0,0.0,0.0,0.0,27
0,0,0.03539124527014792,0.03826627507805824,0.045713070780038834,0.04571959585882723,0.05422581941820681,0.04634817154146731,0.03986461670137942,0.7640770161524415,0.03764201537705958,28
1,1,0.10247305990196764,0.1656719541642815,0.08989200019277632,0.04196321242488921,0.1745575948152691,0.08491226681508124,0.18389774858951569,0.7986854205373675,0.057178605580702424,28
2,2,0.0,0.0,0.0,0.0,0.0,0.0,0.0,0.0,0.0,28
3,3,0.0,0.0,0.0,0.0,0.0,0.0,0.0,0.0,0.0,28
4,4,0.0,0.0,0.0,0.0,0.0,0.0,0.0,0.0,0.0,28
5,5,0.0,0.0,0.0,0.0,0.0,0.0,0.0,0.0,0.0,28
6,6,0.0,0.0,0.0,0.0,0.0,0.0,0.0,0.0,0.0,28
7,7,0.0,0.0,0.0,0.0,0.0,0.0,0.0,0.0,0.0,28
8,8,0.0,0.0,0.0,0.0,0.0,0.0,0.0,0.0,0.0,28
9,9,0.0,0.0,0.0,0.0,0.0,0.0,0.0,0.0,0.0,28
10,10,0.0,0.0,0.0,0.0,0.0,0.0,0.0,0.0,0.0,28
11,11,0.0,0.0,0.0,0.0,0.0,0.0,0.0,0.0,0.0,28
0,0,0.12186423037201166,0.132639292627573,0.25142108113504946,0.061504544923081994,0.12723825150169432,0.1867881454527378,0.2534911073744297,0.7854044437408447,0.08284411602653563,29
1,1,0.09587157145142555,0.11564939492382109,0.265869140625,0.06269088038243353,0.17982434504665434,0.22269769781269133,0.18518250528723001,0.7780114272609353,0.08991030068136752,29
3,2,0.0,0.0,0.0,0.0,0.0,0.0,0.0,0.0,0.0,29
4,3,0.0,0.0,0.0,0.0,0.0,0.0,0.0,0.0,0.0,29
2,4,0.041825792053714395,0.03833197080530226,0.0374764131847769,0.036759121576324105,0.04103690758347511,0.05202430859208107,0.040765345096588135,0.7793040284886956,0.038811452919617295,29
5,5,0.0,0.0,0.0,0.0,0.0,0.0,0.0,0.0,0.0,29
6,6,0.0,0.0,0.0,0.0,0.0,0.0,0.0,0.0,0.0,29
7,7,0.0,0.0,0.0,0.0,0.0,0.0,0.0,0.0,0.0,29
8,8,0.0,0.0,0.0,0.0,0.0,0.0,0.0,0.0,0.0,29
9,9,0.0,0.0,0.0,0.0,0.0,0.0,0.0,0.0,0.0,29
10,10,0.0,0.0,0.0,0.0,0.0,0.0,0.0,0.0,0.0,29
11,11,0.0,0.0,0.0,0.0,0.0,0.0,0.0,0.0,0.0,29
0,0,0.12186423037201166,0.132639292627573,0.25142108113504946,0.05870653339661658,0.12723825150169432,0.22078641597181559,0.2534911073744297,0.7854044437408447,0.08284411602653563,30
1,1,0.09587157145142555,0.11564939492382109,0.2255728179588914,0.06269088038243353,0.17982434504665434,0.22269769781269133,0.18518250528723001,0.7780114272609353,0.08991030068136752,30
3,2,0.0,0.0,0.0,0.0,0.0,0.0,0.0,0.0,0.0,30
4,3,0.0,0.0,0.0,0.0,0.0,0.0,0.0,0.0,0.0,30
2,4,0.041825792053714395,0.036876235390082,0.0374764131847769,0.036759121576324105,0.04103690758347511,0.05202430859208107,0.038853549398481846,0.7744623059406877,0.038811452919617295,30
5,5,0.0,0.0,0.0,0.0,0.0,0.0,0.0,0.0,0.0,30
6,6,0.0,0.0,0.0,0.0,0.0,0.0,0.0,0.0,0.0,30
7,7,0.0,0.0,0.0,0.0,0.0,0.0,0.0,0.0,0.0,30
8,8,0.0,0.0,0.0,0.0,0.0,0.0,0.0,0.0,0.0,30
9,9,0.0,0.0,0.0,0.0,0.0,0.0,0.0,0.0,0.0,30
10,10,0.0,0.0,0.0,0.0,0.0,0.0,0.0,0.0,0.0,30
11,11,0.0,0.0,0.0,0.0,0.0,0.0,0.0,0.0,0.0,30
0,0,0.12186423037201166,0.132639292627573,0.25142108113504946,0.05870653339661658,0.12723825150169432,0.22078641597181559,0.2534911073744297,0.7854044437408447,0.08284411602653563,31
1,1,0.09587157145142555,0.11564939492382109,0.2255728179588914,0.06269088038243353,0.17982434504665434,0.22269769781269133,0.18518250528723001,0.7780114272609353,0.08991030068136752,31
3,2,0.0,0.0,0.0,0.0,0.0,0.0,0.0,0.0,0.0,31
4,3,0.0,0.0,0.0,0.0,0.0,0.0,0.0,0.0,0.0,31
2,4,0.041825792053714395,0.036876235390082,0.0374764131847769,0.036759121576324105,0.04103690758347511,0.05202430859208107,0.038853549398481846,0.7744623059406877,0.038811452919617295,31
5,5,0.0,0.0,0.0,0.0,0.0,0.0,0.0,0.0,0.0,31
6,6,0.0,0.0,0.0,0.0,0.0,0.0,0.0,0.0,0.0,31
7,7,0.0,0.0,0.0,0.0,0.0,0.0,0.0,0.0,0.0,31
8,8,0.0,0.0,0.0,0.0,0.0,0.0,0.0,0.0,0.0,31
9,9,0.0,0.0,0.0,0.0,0.0,0.0,0.0,0.0,0.0,31
10,10,0.0,0.0,0.0,0.0,0.0,0.0,0.0,0.0,0.0,31
11,11,0.0,0.0,0.0,0.0,0.0,0.0,0.0,0.0,0.0,31
2,0,0.0,0.0,0.0,0.0,0.0,0.0,0.0,0.0,0.0,32
0,1,0.042691519716754556,0.034631792455911636,0.032821700209751725,0.037011146545410156,0.040562264854088426,0.052393879974260926,0.03456934937275946,0.7447540408466011,0.04004151467233896,32
3,2,0.0,0.0,0.0,0.0,0.0,0.0,0.0,0.0,0.0,32
1,3,0.08827978372573853,0.08271241188049316,0.1332401493564248,0.05451757553964853,0.48466972657479346,0.15826644003391266,0.14807981462217867,0.7678162017837167,0.06892868224531412,32
4,4,0.0,0.0,0.0,0.0,0.0,0.0,0.0,0.0,0.0,32
5,5,0.0,0.0,0.0,0.0,0.0,0.0,0.0,0.0,0.0,32
6,6,0.0,0.0,0.0,0.0,0.0,0.0,0.0,0.0,0.0,32
7,7,0.0,0.0,0.0,0.0,0.0,0.0,0.0,0.0,0.0,32
8,8,0.0,0.0,0.0,0.0,0.0,0.0,0.0,0.0,0.0,32
9,9,0.0,0.0,0.0,0.0,0.0,0.0,0.0,0.0,0.0,32
10,10,0.0,0.0,0.0,0.0,0.0,0.0,0.0,0.0,0.0,32
11,11,0.0,0.0,0.0,0.0,0.0,0.0,0.0,0.0,0.0,32
0,0,0.0391609410289675,0.033282194286584854,0.03408873453736305,0.035603986121714115,0.037064004922285676,0.04262848780490458,0.035385504364967346,0.7503742584958673,0.042982066283002496,33
9,1,0.0,0.0,0.0,0.0,0.0,0.0,0.0,0.0,0.0,33
2,2,0.03708750964142382,0.035477414727211,0.03386372700333595,0.03484793845564127,0.03986461670137942,0.03909453842788935,0.035305180586874485,0.7491323000285774,0.03882347815670073,33
10,3,0.0,0.0,0.0,0.0,0.0,0.0,0.0,0.0,0.0,33
3,4,0.03762425482273102,0.03736424818634987,0.03697592858225107,0.03728760057128966,0.03849346283823252,0.0394392351154238,0.03894985560327768,0.7632236266508698,0.04284298629499972,33
4,5,0.038895668694749475,0.03362827096134424,0.0336618572473526,0.036800090223550797,0.03689968050457537,0.041763402754440904,0.03564430610276759,0.7500306351576,0.042515147710219026,33
5,6,0.038194671273231506,0.034694291884079576,0.035150528186932206,0.0347966852132231,0.03567312005907297,0.04063605354167521,0.0371345414314419,0.7564402187708765,0.042245001532137394,33
6,7,0.038391743088141084,0.034354070434346795,0.03400426940061152,0.03383565344847739,0.03600242198444903,0.039275769144296646,0.035110488533973694,0.7508501745760441,0.040010987082496285,33
7,8,0.10658726468682289,0.09679982904344797,0.0869339166674763,0.05301039689220488,0.19381705299019814,0.23599587590433657,0.35123564302921295,0.7774731600657105,0.04285562061704695,33
8,9,0.0578812996391207,0.3398625263944268,0.3966754712164402,0.0665853547398001,0.1978821607772261,0.10697618708945811,0.06392712239176035,0.7841338145080954,0.07049990841187537,33
1,10,0.04104927275329828,0.04135280125774443,0.044404552318155766,0.03303767740726471,0.05076517257839441,0.04824624047614634,0.0369465930853039,0.757263251580298,0.03837978490628302,33
11,11,0.0,0.0,0.0,0.0,0.0,0.0,0.0,0.0,0.0,33
0,0,0.06828122423030436,0.0372051449958235,0.06315784994512796,0.03682351112365723,0.09526777639985085,0.5068433585111052,0.03657796327024698,0.7763971844688058,0.04351517208851874,34
11,1,0.0,0.0,0.0,0.0,0.0,0.0,0.0,0.0,0.0,34
3,2,0.0406975953374058,0.03871531807817519,0.08483225107192993,0.033841267228126526,0.07599134836345911,0.3592203932348639,0.03861330542713404,0.7774193435907364,0.03884151950478554,34
4,3,0.28062381059862673,0.23436791473068297,0.11363450065255165,0.09613633155822754,0.10579169169068336,0.17873892770148814,0.5374704757705331,0.776074537076056,0.19045947142876685,34
5,4,0.07123106182552874,0.06710610562004149,0.08742048614658415,0.0351448068395257,0.23007374838925898,0.3921905914321542,0.04275459819473326,0.7712428728118539,0.053390499437227845,34
6,5,0.06494969222694635,0.04653231450356543,0.12347820238210261,0.034984798170626163,0.25543078873306513,0.22062870883382857,0.035036189714446664,0.7573429236654192,0.04751835856586695,34
7,6,0.03965771780349314,0.03698179707862437,0.05098544154316187,0.034956263611093163,0.05822689179331064,0.07942805532366037,0.037494138814508915,0.7726371372118592,0.040556118823587894,34
8,7,0.04036582284606993,0.04243338480591774,0.05805764370597899,0.033271060325205326,0.09738940373063087,0.11443833354860544,0.03564430610276759,0.755697218934074,0.037873283959925175,34
9,8,0.04094422818161547,0.0633113319054246,0.050360301742330194,0.035592470318078995,0.06933790841139853,0.04293778911232948,0.0612097317352891,0.7635435918346047,0.039888993138447404,34
10,9,0.1200810307636857,0.5880523324012756,0.3080338074360043,0.08666418702341616,0.4348599093500525,0.2099389173090458,0.15328008774667978,0.7878946103155613,0.09575821459293365,34
1,10,0.04078999534249306,0.05410507693886757,0.06392712239176035,0.03487072978168726,0.16941936337389052,0.08776370086707175,0.03730528149753809,0.7586979903280735,0.038105260813608766,34
2,11,0.027500424534082413,0.040341301122680306,0.04675640747882426,0.029719621874392033,0.04769814410246909,0.028972054133191705,0.03814697265625,0.7148008942604065,0.02602282539010048,34
0,0,0.03773088101297617,0.03297114744782448,0.03489352855831385,0.035892486572265625,0.03935443260706961,0.03942105546593666,0.036455497378483415,0.7474163929000497,0.040796159068122506,35
10,1,0.0,0.0,0.0,0.0,0.0,0.0,0.0,0.0,0.0,35
2,2,0.03762425482273102,0.03570194565691054,0.0336618572473526,0.034990506479516625,0.03913678810931742,0.03989508841186762,0.03793269768357277,0.7466778391972184,0.037500048289075494,35
3,3,0.040913358330726624,0.035362545400857925,0.03389743063598871,0.03725814167410135,0.04302636627107859,0.044817076064646244,0.03741145506501198,0.7603203470353037,0.04186949227005243,35
4,4,0.03950592968612909,0.03672987222671509,0.035287980223074555,0.03589826845563948,0.04045784566551447,0.04441741481423378,0.03831404820084572,0.7588574895635247,0.03904025093652308,35
5,5,0.04075918369926512,0.035471666837111115,0.03387495968490839,0.034944853046908975,0.03875135467387736,0.04446244821883738,0.037311176070943475,0.7477858066558838,0.040617600083351135,35
6,6,0.03866129461675882,0.03391990903764963,0.03347734012641013,0.034393676556646824,0.037724953377619386,0.041006002807989717,0.03754734084941447,0.7540533042047173,0.039548401022329926,35
7,7,0.03911264264024794,0.034133825451135635,0.03361707925796509,0.03388057672418654,0.03820063569582999,0.04267890960909426,0.037093386985361576,0.7508501745760441,0.03815293335355818,35
8,8,0.10658726468682289,0.09679982904344797,0.09368254826404154,0.05301039689220488,0.2145644857082516,0.23599587590433657,0.35123564302921295,0.7774731600657105,0.04285562061704695,35
9,9,0.0566253496799618,0.3398625263944268,0.5760387517511845,0.0631885314360261,0.11490337201394141,0.08834326663054526,0.054332468658685684,0.7813258657697588,0.07507713721133769,35
1,10,0.042088335612788796,0.03965164069086313,0.03880544099956751,0.034717032918706536,0.04821943142451346,0.05043566320091486,0.03911264264024794,0.7560156027320772,0.03771309950388968,35
11,11,0.0,0.0,0.0,0.0,0.0,0.0,0.0,0.0,0.0,35
1,0,0.0,0.0,0.0,0.0,0.0,0.0,0.0,0.0,0.0,36
2,1,0.0,0.0,0.0,0.0,0.0,0.0,0.0,0.0,0.0,36
3,2,0.0,0.0,0.0,0.0,0.0,0.0,0.0,0.0,0.0,36
4,3,0.0,0.0,0.0,0.0,0.0,0.0,0.0,0.0,0.0,36
0,4,0.23149583116173744,0.2269664043560624,0.10616921726614237,0.04319745139218867,0.11790194758214056,0.09909200016409159,0.4104785956442356,0.7809752263128757,0.06246185884810984,36
5,5,0.0,0.0,0.0,0.0,0.0,0.0,0.0,0.0,0.0,36
6,6,0.0,0.0,0.0,0.0,0.0,0.0,0.0,0.0,0.0,36
7,7,0.0,0.0,0.0,0.0,0.0,0.0,0.0,0.0,0.0,36
8,8,0.0,0.0,0.0,0.0,0.0,0.0,0.0,0.0,0.0,36
9,9,0.0,0.0,0.0,0.0,0.0,0.0,0.0,0.0,0.0,36
10,10,0.0,0.0,0.0,0.0,0.0,0.0,0.0,0.0,0.0,36
11,11,0.0,0.0,0.0,0.0,0.0,0.0,0.0,0.0,0.0,36
2,0,0.0,0.0,0.0,0.0,0.0,0.0,0.0,0.0,0.0,37
0,1,0.041185412555933,0.036187956342473626,0.04022492468357086,0.035840470576658845,0.048891892889514565,0.04494638089090586,0.03636232786811888,0.7551667282823473,0.039499864215031266,37
3,2,0.0,0.0,0.0,0.0,0.0,0.0,0.0,0.0,0.0,37
4,3,0.0,0.0,0.0,0.0,0.0,0.0,0.0,0.0,0.0,37
1,4,0.042201105738058686,0.03647880838252604,0.03752369084395468,0.03636814747005701,0.0434197336435318,0.04814574494957924,0.03635650873184204,0.7490530610084534,0.03902216348797083,37
5,5,0.0,0.0,0.0,0.0,0.0,0.0,0.0,0.0,0.0,37
6,6,0.0,0.0,0.0,0.0,0.0,0.0,0.0,0.0,0.0,37
7,7,0.0,0.0,0.0,0.0,0.0,0.0,0.0,0.0,0.0,37
8,8,0.0,0.0,0.0,0.0,0.0,0.0,0.0,0.0,0.0,37
9,9,0.0,0.0,0.0,0.0,0.0,0.0,0.0,0.0,0.0,37
10,10,0.0,0.0,0.0,0.0,0.0,0.0,0.0,0.0,0.0,37
11,11,0.0,0.0,0.0,0.0,0.0,0.0,0.0,0.0,0.0,37
2,0,0.0,0.0,0.0,0.0,0.0,0.0,0.0,0.0,0.0,38
0,1,0.041185412555933,0.036187956342473626,0.04022492468357086,0.035840470576658845,0.048891892889514565,0.04494638089090586,0.03636232786811888,0.7551667282823473,0.039499864215031266,38
3,2,0.0,0.0,0.0,0.0,0.0,0.0,0.0,0.0,0.0,38
4,3,0.0,0.0,0.0,0.0,0.0,0.0,0.0,0.0,0.0,38
1,4,0.042201105738058686,0.03647880838252604,0.03752369084395468,0.03636814747005701,0.0434197336435318,0.04814574494957924,0.0374764131847769,0.7521464882884175,0.03902216348797083,38
5,5,0.0,0.0,0.0,0.0,0.0,0.0,0.0,0.0,0.0,38
6,6,0.0,0.0,0.0,0.0,0.0,0.0,0.0,0.0,0.0,38
7,7,0.0,0.0,0.0,0.0,0.0,0.0,0.0,0.0,0.0,38
8,8,0.0,0.0,0.0,0.0,0.0,0.0,0.0,0.0,0.0,38
9,9,0.0,0.0,0.0,0.0,0.0,0.0,0.0,0.0,0.0,38
10,10,0.0,0.0,0.0,0.0,0.0,0.0,0.0,0.0,0.0,38
11,11,0.0,0.0,0.0,0.0,0.0,0.0,0.0,0.0,0.0,38
1,0,0.0,0.0,0.0,0.0,0.0,0.0,0.0,0.0,0.0,39
2,1,0.0,0.0,0.0,0.0,0.0,0.0,0.0,0.0,0.0,39
3,2,0.0,0.0,0.0,0.0,0.0,0.0,0.0,0.0,0.0,39
4,3,0.0,0.0,0.0,0.0,0.0,0.0,0.0,0.0,0.0,39
0,4,0.23149583116173744,0.2269664043560624,0.10616921726614237,0.04319745139218867,0.11790194758214056,0.09909200016409159,0.4104785956442356,0.7809752263128757,0.06246185884810984,39
5,5,0.0,0.0,0.0,0.0,0.0,0.0,0.0,0.0,0.0,39
6,6,0.0,0.0,0.0,0.0,0.0,0.0,0.0,0.0,0.0,39
7,7,0.0,0.0,0.0,0.0,0.0,0.0,0.0,0.0,0.0,39
8,8,0.0,0.0,0.0,0.0,0.0,0.0,0.0,0.0,0.0,39
9,9,0.0,0.0,0.0,0.0,0.0,0.0,0.0,0.0,0.0,39
10,10,0.0,0.0,0.0,0.0,0.0,0.0,0.0,0.0,0.0,39
11,11,0.0,0.0,0.0,0.0,0.0,0.0,0.0,0.0,0.0,39
3,0,0.0,0.0,0.0,0.0,0.0,0.0,0.0,0.0,0.0,40
4,1,0.0,0.0,0.0,0.0,0.0,0.0,0.0,0.0,0.0,40
5,2,0.0,0.0,0.0,0.0,0.0,0.0,0.0,0.0,0.0,40
6,3,0.0,0.0,0.0,0.0,0.0,0.0,0.0,0.0,0.0,40
7,4,0.0,0.0,0.0,0.0,0.0,0.0,0.0,0.0,0.0,40
0,5,0.06876853201538324,0.18324398342519999,0.20552974217571318,0.04282403830438852,0.276179630542174,0.26374907442368567,0.07194142881780863,0.7714572930708528,0.05065521690994501,40
8,6,0.0,0.0,0.0,0.0,0.0,0.0,0.0,0.0,0.0,40
1,7,0.1852613091468811,0.23681196942925453,0.16455590375699103,0.06193669978529215,0.3019329442176968,0.42384200636297464,0.3674983608070761,0.7885990673676133,0.055368812987580895,40
2,8,0.041832033544778824,0.04709355626255274,0.06823338591493666,0.03970635146833956,0.2302640825510025,0.10190723487176001,0.043648961931467056,0.7801933141890913,0.04848785721696913,40
9,9,0.0,0.0,0.0,0.0,0.0,0.0,0.0,0.0,0.0,40
10,10,0.0,0.0,0.0,0.0,0.0,0.0,0.0,0.0,0.0,40
11,11,0.0,0.0,0.0,0.0,0.0,0.0,0.0,0.0,0.0,40
3,0,0.0,0.0,0.0,0.0,0.0,0.0,0.0,0.0,0.0,41
4,1,0.0,0.0,0.0,0.0,0.0,0.0,0.0,0.0,0.0,41
5,2,0.0,0.0,0.0,0.0,0.0,0.0,0.0,0.0,0.0,41
6,3,0.0,0.0,0.0,0.0,0.0,0.0,0.0,0.0,0.0,41
7,4,0.0,0.0,0.0,0.0,0.0,0.0,0.0,0.0,0.0,41
0,5,0.06876853201538324,0.18324398342519999,0.20552974217571318,0.04282403830438852,0.276179630542174,0.26374907442368567,0.07194142881780863,0.7714572930708528,0.05065521690994501,41
8,6,0.0,0.0,0.0,0.0,0.0,0.0,0.0,0.0,0.0,41
1,7,0.1852613091468811,0.23681196942925453,0.16455590375699103,0.06193669978529215,0.3019329442176968,0.42384200636297464,0.3674983608070761,0.7885990673676133,0.055368812987580895,41
2,8,0.041832033544778824,0.04709355626255274,0.06823338591493666,0.03970635146833956,0.2302640825510025,0.10190723487176001,0.043648961931467056,0.7801933141890913,0.04848785721696913,41
9,9,0.0,0.0,0.0,0.0,0.0,0.0,0.0,0.0,0.0,41
10,10,0.0,0.0,0.0,0.0,0.0,0.0,0.0,0.0,0.0,41
11,11,0.0,0.0,0.0,0.0,0.0,0.0,0.0,0.0,0.0,41
3,0,0.0,0.0,0.0,0.0,0.0,0.0,0.0,0.0,0.0,42
4,1,0.0,0.0,0.0,0.0,0.0,0.0,0.0,0.0,0.0,42
5,2,0.0,0.0,0.0,0.0,0.0,0.0,0.0,0.0,0.0,42
6,3,0.0,0.0,0.0,0.0,0.0,0.0,0.0,0.0,0.0,42
7,4,0.0,0.0,0.0,0.0,0.0,0.0,0.0,0.0,0.0,42
0,5,0.06876853201538324,0.18324398342519999,0.20552974217571318,0.04282403830438852,0.276179630542174,0.26374907442368567,0.07194142881780863,0.7714572930708528,0.05065521690994501,42
8,6,0.0,0.0,0.0,0.0,0.0,0.0,0.0,0.0,0.0,42
1,7,0.1852613091468811,0.23681196942925453,0.16455590375699103,0.06193669978529215,0.3019329442176968,0.42384200636297464,0.3674983608070761,0.7885990673676133,0.055368812987580895,42
2,8,0.041832033544778824,0.04709355626255274,0.06823338591493666,0.03970635146833956,0.2302640825510025,0.10190723487176001,0.043648961931467056,0.7801933141890913,0.04848785721696913,42
9,9,0.0,0.0,0.0,0.0,0.0,0.0,0.0,0.0,0.0,42
10,10,0.0,0.0,0.0,0.0,0.0,0.0,0.0,0.0,0.0,42
11,11,0.0,0.0,0.0,0.0,0.0,0.0,0.0,0.0,0.0,42
1,0,0.0,0.0,0.0,0.0,0.0,0.0,0.0,0.0,0.0,43
2,1,0.0,0.0,0.0,0.0,0.0,0.0,0.0,0.0,0.0,43
3,2,0.0,0.0,0.0,0.0,0.0,0.0,0.0,0.0,0.0,43
4,3,0.0,0.0,0.0,0.0,0.0,0.0,0.0,0.0,0.0,43
5,4,0.0,0.0,0.0,0.0,0.0,0.0,0.0,0.0,0.0,43
6,5,0.0,0.0,0.0,0.0,0.0,0.0,0.0,0.0,0.0,43
7,6,0.0,0.0,0.0,0.0,0.0,0.0,0.0,0.0,0.0,43
0,7,0.4377828547731042,0.7277337482664734,0.15608865395188332,0.08104454004205763,0.227024563588202,0.29797178599983454,0.47564022336155176,0.764317117864266,0.23073293268680573,43
8,8,0.0,0.0,0.0,0.0,0.0,0.0,0.0,0.0,0.0,43
9,9,0.0,0.0,0.0,0.0,0.0,0.0,0.0,0.0,0.0,43
10,10,0.0,0.0,0.0,0.0,0.0,0.0,0.0,0.0,0.0,43
11,11,0.0,0.0,0.0,0.0,0.0,0.0,0.0,0.0,0.0,43
1,0,0.0,0.0,0.0,0.0,0.0,0.0,0.0,0.0,0.0,44
2,1,0.0,0.0,0.0,0.0,0.0,0.0,0.0,0.0,0.0,44
3,2,0.0,0.0,0.0,0.0,0.0,0.0,0.0,0.0,0.0,44
4,3,0.0,0.0,0.0,0.0,0.0,0.0,0.0,0.0,0.0,44
5,4,0.0,0.0,0.0,0.0,0.0,0.0,0.0,0.0,0.0,44
6,5,0.0,0.0,0.0,0.0,0.0,0.0,0.0,0.0,0.0,44
7,6,0.0,0.0,0.0,0.0,0.0,0.0,0.0,0.0,0.0,44
0,7,0.4377828547731042,0.7277337482664734,0.15608865395188332,0.08104454004205763,0.227024563588202,0.29797178599983454,0.47564022336155176,0.764317117864266,0.23073293268680573,44
8,8,0.0,0.0,0.0,0.0,0.0,0.0,0.0,0.0,0.0,44
9,9,0.0,0.0,0.0,0.0,0.0,0.0,0.0,0.0,0.0,44
10,10,0.0,0.0,0.0,0.0,0.0,0.0,0.0,0.0,0.0,44
11,11,0.0,0.0,0.0,0.0,0.0,0.0,0.0,0.0,0.0,44
1,0,0.0,0.0,0.0,0.0,0.0,0.0,0.0,0.0,0.0,45
2,1,0.0,0.0,0.0,0.0,0.0,0.0,0.0,0.0,0.0,45
3,2,0.0,0.0,0.0,0.0,0.0,0.0,0.0,0.0,0.0,45
4,3,0.0,0.0,0.0,0.0,0.0,0.0,0.0,0.0,0.0,45
5,4,0.0,0.0,0.0,0.0,0.0,0.0,0.0,0.0,0.0,45
6,5,0.0,0.0,0.0,0.0,0.0,0.0,0.0,0.0,0.0,45
7,6,0.0,0.0,0.0,0.0,0.0,0.0,0.0,0.0,0.0,45
0,7,0.4377828547731042,0.7277337482664734,0.15608865395188332,0.08104454004205763,0.227024563588202,0.29797178599983454,0.47564022336155176,0.764317117864266,0.23073293268680573,45
8,8,0.0,0.0,0.0,0.0,0.0,0.0,0.0,0.0,0.0,45
9,9,0.0,0.0,0.0,0.0,0.0,0.0,0.0,0.0,0.0,45
10,10,0.0,0.0,0.0,0.0,0.0,0.0,0.0,0.0,0.0,45
11,11,0.0,0.0,0.0,0.0,0.0,0.0,0.0,0.0,0.0,45
1,0,0.0,0.0,0.0,0.0,0.0,0.0,0.0,0.0,0.0,46
2,1,0.0,0.0,0.0,0.0,0.0,0.0,0.0,0.0,0.0,46
3,2,0.0,0.0,0.0,0.0,0.0,0.0,0.0,0.0,0.0,46
4,3,0.0,0.0,0.0,0.0,0.0,0.0,0.0,0.0,0.0,46
5,4,0.0,0.0,0.0,0.0,0.0,0.0,0.0,0.0,0.0,46
6,5,0.0,0.0,0.0,0.0,0.0,0.0,0.0,0.0,0.0,46
7,6,0.0,0.0,0.0,0.0,0.0,0.0,0.0,0.0,0.0,46
0,7,0.21581026376225054,0.34667471633292735,0.20855689444579184,0.08087955508381128,0.4189093338791281,0.2768857462797314,0.38498071231879294,0.7863513252232224,0.08039426151663065,46
8,8,0.0,0.0,0.0,0.0,0.0,0.0,0.0,0.0,0.0,46
9,9,0.0,0.0,0.0,0.0,0.0,0.0,0.0,0.0,0.0,46
10,10,0.0,0.0,0.0,0.0,0.0,0.0,0.0,0.0,0.0,46
11,11,0.0,0.0,0.0,0.0,0.0,0.0,0.0,0.0,0.0,46
1,0,0.0,0.0,0.0,0.0,0.0,0.0,0.0,0.0,0.0,47
2,1,0.0,0.0,0.0,0.0,0.0,0.0,0.0,0.0,0.0,47
3,2,0.0,0.0,0.0,0.0,0.0,0.0,0.0,0.0,0.0,47
4,3,0.0,0.0,0.0,0.0,0.0,0.0,0.0,0.0,0.0,47
5,4,0.0,0.0,0.0,0.0,0.0,0.0,0.0,0.0,0.0,47
6,5,0.0,0.0,0.0,0.0,0.0,0.0,0.0,0.0,0.0,47
7,6,0.0,0.0,0.0,0.0,0.0,0.0,0.0,0.0,0.0,47
0,7,0.21581026376225054,0.34667471633292735,0.20855689444579184,0.08087955508381128,0.4189093338791281,0.2768857462797314,0.38498071231879294,0.7863513252232224,0.08039426151663065,47
8,8,0.0,0.0,0.0,0.0,0.0,0.0,0.0,0.0,0.0,47
9,9,0.0,0.0,0.0,0.0,0.0,0.0,0.0,0.0,0.0,47
10,10,0.0,0.0,0.0,0.0,0.0,0.0,0.0,0.0,0.0,47
11,11,0.0,0.0,0.0,0.0,0.0,0.0,0.0,0.0,0.0,47
2,0,0.0,0.0,0.0,0.0,0.0,0.0,0.0,0.0,0.0,48
0,1,0.043878793716430664,0.034631792455911636,0.032821700209751725,0.037011146545410156,0.040562264854088426,0.052393879974260926,0.03456934937275946,0.7447540408466011,0.04392994940280914,48
3,2,0.0,0.0,0.0,0.0,0.0,0.0,0.0,0.0,0.0,48
1,3,0.129534529754892,0.09399104490876198,0.1332401493564248,0.0639579901471734,0.15198052884079516,0.15986087010242045,0.2020306068006903,0.7656784066930413,0.09357049339450896,48
4,4,0.0,0.0,0.0,0.0,0.0,0.0,0.0,0.0,0.0,48
5,5,0.0,0.0,0.0,0.0,0.0,0.0,0.0,0.0,0.0,48
6,6,0.0,0.0,0.0,0.0,0.0,0.0,0.0,0.0,0.0,48
7,7,0.0,0.0,0.0,0.0,0.0,0.0,0.0,0.0,0.0,48
8,8,0.0,0.0,0.0,0.0,0.0,0.0,0.0,0.0,0.0,48
9,9,0.0,0.0,0.0,0.0,0.0,0.0,0.0,0.0,0.0,48
10,10,0.0,0.0,0.0,0.0,0.0,0.0,0.0,0.0,0.0,48
11,11,0.0,0.0,0.0,0.0,0.0,0.0,0.0,0.0,0.0,48
2,0,0.0,0.0,0.0,0.0,0.0,0.0,0.0,0.0,0.0,49
0,1,0.043878793716430664,0.034631792455911636,0.032821700209751725,0.037011146545410156,0.040562264854088426,0.052393879974260926,0.03456934937275946,0.7447540408466011,0.04392994940280914,49
3,2,0.0,0.0,0.0,0.0,0.0,0.0,0.0,0.0,0.0,49
1,3,0.129534529754892,0.09399104490876198,0.1332401493564248,0.0639579901471734,0.15198052884079516,0.15986087010242045,0.2020306068006903,0.7656784066930413,0.09357049339450896,49
4,4,0.0,0.0,0.0,0.0,0.0,0.0,0.0,0.0,0.0,49
5,5,0.0,0.0,0.0,0.0,0.0,0.0,0.0,0.0,0.0,49
6,6,0.0,0.0,0.0,0.0,0.0,0.0,0.0,0.0,0.0,49
7,7,0.0,0.0,0.0,0.0,0.0,0.0,0.0,0.0,0.0,49
8,8,0.0,0.0,0.0,0.0,0.0,0.0,0.0,0.0,0.0,49
9,9,0.0,0.0,0.0,0.0,0.0,0.0,0.0,0.0,0.0,49
10,10,0.0,0.0,0.0,0.0,0.0,0.0,0.0,0.0,0.0,49
11,11,0.0,0.0,0.0,0.0,0.0,0.0,0.0,0.0,0.0,49
2,0,0.0,0.0,0.0,0.0,0.0,0.0,0.0,0.0,0.0,50
0,1,0.055872621247544885,0.09580543846823275,0.07004687213338912,0.03809930384159088,0.12011275836266577,0.05855135712772608,0.10525636468082666,0.7707337441388518,0.07374519691802561,50
3,2,0.0,0.0,0.0,0.0,0.0,0.0,0.0,0.0,0.0,50
1,3,0.045602215686813,0.03405493590980768,0.03863129788078368,0.04645992908626795,0.041359007358551025,0.05494594667106867,0.03988289833068848,0.7678429430816323,0.04277984262444079,50
4,4,0.0,0.0,0.0,0.0,0.0,0.0,0.0,0.0,0.0,50
5,5,0.0,0.0,0.0,0.0,0.0,0.0,0.0,0.0,0.0,50
6,6,0.0,0.0,0.0,0.0,0.0,0.0,0.0,0.0,0.0,50
7,7,0.0,0.0,0.0,0.0,0.0,0.0,0.0,0.0,0.0,50
8,8,0.0,0.0,0.0,0.0,0.0,0.0,0.0,0.0,0.0,50
9,9,0.0,0.0,0.0,0.0,0.0,0.0,0.0,0.0,0.0,50
10,10,0.0,0.0,0.0,0.0,0.0,0.0,0.0,0.0,0.0,50
11,11,0.0,0.0,0.0,0.0,0.0,0.0,0.0,0.0,0.0,50
2,0,0.0,0.0,0.0,0.0,0.0,0.0,0.0,0.0,0.0,51
0,1,0.2476708556059748,0.3397557884454727,0.11156594846397638,0.06918531004339457,0.1422662662807852,0.17320868209935725,0.36443373397924006,0.7735762933734804,0.089965213323012,51
3,2,0.0,0.0,0.0,0.0,0.0,0.0,0.0,0.0,0.0,51
1,3,0.09130658791400492,0.096932802349329,0.054960254579782486,0.06442190054804087,0.09783753217197955,0.127837672829628,0.2986718565225601,0.7678429430816323,0.07236769888550043,51
4,4,0.0,0.0,0.0,0.0,0.0,0.0,0.0,0.0,0.0,51
5,5,0.0,0.0,0.0,0.0,0.0,0.0,0.0,0.0,0.0,51
6,6,0.0,0.0,0.0,0.0,0.0,0.0,0.0,0.0,0.0,51
7,7,0.0,0.0,0.0,0.0,0.0,0.0,0.0,0.0,0.0,51
8,8,0.0,0.0,0.0,0.0,0.0,0.0,0.0,0.0,0.0,51
9,9,0.0,0.0,0.0,0.0,0.0,0.0,0.0,0.0,0.0,51
10,10,0.0,0.0,0.0,0.0,0.0,0.0,0.0,0.0,0.0,51
11,11,0.0,0.0,0.0,0.0,0.0,0.0,0.0,0.0,0.0,51
2,0,0.0,0.0,0.0,0.0,0.0,0.0,0.0,0.0,0.0,52
0,1,0.043438812950626016,0.03467155830003321,0.03323766961693764,0.03563854470849037,0.04193821013905108,0.050751421600580215,0.03482515458017588,0.7450437694787979,0.04199447575956583,52
3,2,0.0,0.0,0.0,0.0,0.0,0.0,0.0,0.0,0.0,52
1,3,0.042830353835597634,0.03419023100286722,0.03313759807497263,0.03589826845563948,0.04058070573955774,0.049223098903894424,0.034734093584120274,0.7517495388165116,0.04067912790924311,52
4,4,0.0,0.0,0.0,0.0,0.0,0.0,0.0,0.0,0.0,52
5,5,0.0,0.0,0.0,0.0,0.0,0.0,0.0,0.0,0.0,52
6,6,0.0,0.0,0.0,0.0,0.0,0.0,0.0,0.0,0.0,52
7,7,0.0,0.0,0.0,0.0,0.0,0.0,0.0,0.0,0.0,52
8,8,0.0,0.0,0.0,0.0,0.0,0.0,0.0,0.0,0.0,52
9,9,0.0,0.0,0.0,0.0,0.0,0.0,0.0,0.0,0.0,52
10,10,0.0,0.0,0.0,0.0,0.0,0.0,0.0,0.0,0.0,52
11,11,0.0,0.0,0.0,0.0,0.0,0.0,0.0,0.0,0.0,52
2,0,0.0,0.0,0.0,0.0,0.0,0.0,0.0,0.0,0.0,53
0,1,0.042912498116493225,0.03367865667678416,0.032871478237211704,0.03719337307848036,0.04045170755125582,0.04801860102452338,0.034416318871080875,0.7421753092203289,0.04343245271593332,53
3,2,0.0,0.0,0.0,0.0,0.0,0.0,0.0,0.0,0.0,53
1,3,0.04430171940475702,0.033745896304026246,0.03863129788078368,0.04645992908626795,0.03904628101736307,0.054538954282179475,0.03988289833068848,0.7504535673651844,0.04277984262444079,53
4,4,0.0,0.0,0.0,0.0,0.0,0.0,0.0,0.0,0.0,53
5,5,0.0,0.0,0.0,0.0,0.0,0.0,0.0,0.0,0.0,53
6,6,0.0,0.0,0.0,0.0,0.0,0.0,0.0,0.0,0.0,53
7,7,0.0,0.0,0.0,0.0,0.0,0.0,0.0,0.0,0.0,53
8,8,0.0,0.0,0.0,0.0,0.0,0.0,0.0,0.0,0.0,53
9,9,0.0,0.0,0.0,0.0,0.0,0.0,0.0,0.0,0.0,53
10,10,0.0,0.0,0.0,0.0,0.0,0.0,0.0,0.0,0.0,53
11,11,0.0,0.0,0.0,0.0,0.0,0.0,0.0,0.0,0.0,53
2,0,0.0,0.0,0.0,0.0,0.0,0.0,0.0,0.0,0.0,54
0,1,0.042912498116493225,0.03367865667678416,0.032871478237211704,0.03719337307848036,0.04045170755125582,0.04801860102452338,0.034416318871080875,0.7421753092203289,0.04343245271593332,54
3,2,0.0,0.0,0.0,0.0,0.0,0.0,0.0,0.0,0.0,54
1,3,0.04430171940475702,0.033745896304026246,0.03863129788078368,0.04645992908626795,0.03904628101736307,0.054538954282179475,0.03988289833068848,0.7504535673651844,0.04277984262444079,54
4,4,0.0,0.0,0.0,0.0,0.0,0.0,0.0,0.0,0.0,54
5,5,0.0,0.0,0.0,0.0,0.0,0.0,0.0,0.0,0.0,54
6,6,0.0,0.0,0.0,0.0,0.0,0.0,0.0,0.0,0.0,54
7,7,0.0,0.0,0.0,0.0,0.0,0.0,0.0,0.0,0.0,54
8,8,0.0,0.0,0.0,0.0,0.0,0.0,0.0,0.0,0.0,54
9,9,0.0,0.0,0.0,0.0,0.0,0.0,0.0,0.0,0.0,54
10,10,0.0,0.0,0.0,0.0,0.0,0.0,0.0,0.0,0.0,54
11,11,0.0,0.0,0.0,0.0,0.0,0.0,0.0,0.0,0.0,54
2,0,0.0,0.0,0.0,0.0,0.0,0.0,0.0,0.0,0.0,55
0,1,0.043324399972334504,0.04685544315725565,0.03731707111001015,0.036507957614958286,0.04441741481423378,0.0544392226729542,0.039913377026095986,0.764263758668676,0.04464281001128256,55
3,2,0.0,0.0,0.0,0.0,0.0,0.0,0.0,0.0,0.0,55
1,3,0.04196321242488921,0.03783172206021845,0.03489352855831385,0.03589826845563948,0.04033517185598612,0.046420469880104065,0.0388655811548233,0.7639969906304032,0.043127709068357944,55
4,4,0.0,0.0,0.0,0.0,0.0,0.0,0.0,0.0,0.0,55
5,5,0.0,0.0,0.0,0.0,0.0,0.0,0.0,0.0,0.0,55
6,6,0.0,0.0,0.0,0.0,0.0,0.0,0.0,0.0,0.0,55
7,7,0.0,0.0,0.0,0.0,0.0,0.0,0.0,0.0,0.0,55
8,8,0.0,0.0,0.0,0.0,0.0,0.0,0.0,0.0,0.0,55
9,9,0.0,0.0,0.0,0.0,0.0,0.0,0.0,0.0,0.0,55
10,10,0.0,0.0,0.0,0.0,0.0,0.0,0.0,0.0,0.0,55
11,11,0.0,0.0,0.0,0.0,0.0,0.0,0.0,0.0,0.0,55
